{"mel_mean": -5.8669962882995605, "mel_std": 2.369321823120117}