{"mel_mean": -5.517027378082275, "mel_std": 2.064396858215332}