{"mel_mean": -5.619250297546387, "mel_std": 2.1637821197509766}